{
    "counter": {
        "ACTIVE": 10599,
        "INACTIVE": 9315,
        "INVALID": 29,
        "MALICIOUS": 0,
        "SANE": 0,
        "VALID": 0,
        "total": 19943
    },
    "percentage": {
        "ACTIVE": 53.149132484204195,
        "INACTIVE": 46.70811813668956,
        "INVALID": 0.1470513665635617,
        "MALICIOUS": 0,
        "SANE": 0,
        "VALID": 0,
        "total": 100.00430198745731
    }
}