{
    "counter": {
        "ACTIVE": 16307,
        "INACTIVE": 11091,
        "INVALID": 52,
        "MALICIOUS": 0,
        "SANE": 0,
        "VALID": 0,
        "total": 27450
    },
    "percentage": {
        "ACTIVE": 59.40619307832423,
        "INACTIVE": 40.41026014719814,
        "INVALID": 0.20178502134264648,
        "MALICIOUS": 0,
        "SANE": 0,
        "VALID": 0,
        "total": 100.01823824686501
    }
}