{
    "counter": {
        "ACTIVE": 11257,
        "INACTIVE": 9461,
        "INVALID": 35,
        "MALICIOUS": 0,
        "SANE": 0,
        "VALID": 0,
        "total": 20753
    },
    "percentage": {
        "ACTIVE": 54.242760082879585,
        "INACTIVE": 45.59957586273376,
        "INVALID": 0.17228648781688408,
        "MALICIOUS": 0,
        "SANE": 0,
        "VALID": 0,
        "total": 100.01462243343023
    }
}