{
    "counter": {
        "ACTIVE": 17378,
        "INACTIVE": 11184,
        "INVALID": 57,
        "MALICIOUS": 0,
        "SANE": 0,
        "VALID": 0,
        "total": 28619
    },
    "percentage": {
        "ACTIVE": 60.72189803976379,
        "INACTIVE": 39.07893357559663,
        "INVALID": 0.19916838463957512,
        "MALICIOUS": 0.0,
        "SANE": 0.0,
        "VALID": 0.0,
        "total": 100.0
    }
}