{
    "counter": {
        "ACTIVE": 13972,
        "INACTIVE": 9856,
        "INVALID": 37,
        "MALICIOUS": 0,
        "SANE": 0,
        "VALID": 0,
        "total": 23865
    },
    "percentage": {
        "ACTIVE": 58.54598784831343,
        "INACTIVE": 41.3110906194987,
        "INVALID": 0.15843110387942108,
        "MALICIOUS": 0,
        "SANE": 0,
        "VALID": 0,
        "total": 100.01550957169155
    }
}