{
    "counter": {
        "ACTIVE": 9085,
        "INACTIVE": 8713,
        "INVALID": 1,
        "MALICIOUS": 0,
        "SANE": 0,
        "VALID": 0,
        "total": 17799
    },
    "percentage": {
        "ACTIVE": 51.045061242836276,
        "INACTIVE": 48.95218832518681,
        "INVALID": 0.03736920777279522,
        "MALICIOUS": 0,
        "SANE": 0,
        "VALID": 0,
        "total": 100.03461877579588
    }
}