{
    "counter": {
        "ACTIVE": 8358,
        "INACTIVE": 7937,
        "INVALID": 1,
        "MALICIOUS": 0,
        "SANE": 0,
        "VALID": 0,
        "total": 16296
    },
    "percentage": {
        "ACTIVE": 52.46704331450094,
        "INACTIVE": 48.705203730976926,
        "INVALID": 0.03736920777279522,
        "MALICIOUS": 0,
        "SANE": 0,
        "VALID": 0,
        "total": 101.20961625325066
    }
}