{
    "counter": {
        "ACTIVE": 17773,
        "INACTIVE": 11210,
        "INVALID": 64,
        "MALICIOUS": 0,
        "SANE": 0,
        "VALID": 0,
        "total": 29047
    },
    "percentage": {
        "ACTIVE": 61.187041691052436,
        "INACTIVE": 38.59262574448308,
        "INVALID": 0.2203325644644886,
        "MALICIOUS": 0.0,
        "SANE": 0.0,
        "VALID": 0.0,
        "total": 100.0
    }
}