{
    "counter": {
        "ACTIVE": 17118,
        "INACTIVE": 11163,
        "INVALID": 57,
        "MALICIOUS": 0,
        "SANE": 0,
        "VALID": 0,
        "total": 28338
    },
    "percentage": {
        "ACTIVE": 60.40652127884819,
        "INACTIVE": 39.39233538005505,
        "INVALID": 0.20114334109676055,
        "MALICIOUS": 0.0,
        "SANE": 0.0,
        "VALID": 0.0,
        "total": 100.00000000000001
    }
}