{
    "counter": {
        "ACTIVE": 8358,
        "INACTIVE": 7817,
        "INVALID": 1,
        "MALICIOUS": 0,
        "SANE": 0,
        "VALID": 0,
        "total": 16176
    },
    "percentage": {
        "ACTIVE": 52.46704331450094,
        "INACTIVE": 48.324678536102866,
        "INVALID": 0.03736920777279522,
        "MALICIOUS": 0,
        "SANE": 0,
        "VALID": 0,
        "total": 100.8290910583766
    }
}