{
    "counter": {
        "ACTIVE": 8896,
        "INACTIVE": 8572,
        "INVALID": 1,
        "MALICIOUS": 0,
        "SANE": 0,
        "VALID": 0,
        "total": 17469
    },
    "percentage": {
        "ACTIVE": 50.92741012136478,
        "INACTIVE": 49.06978075447936,
        "INVALID": 0.03736920777279522,
        "MALICIOUS": 0,
        "SANE": 0,
        "VALID": 0,
        "total": 100.03456008361694
    }
}