{
    "counter": {
        "ACTIVE": 16285,
        "INACTIVE": 11085,
        "INVALID": 52,
        "MALICIOUS": 0,
        "SANE": 0,
        "VALID": 0,
        "total": 27422
    },
    "percentage": {
        "ACTIVE": 59.388789613799645,
        "INACTIVE": 40.423747356137405,
        "INVALID": 0.20178502134264648,
        "MALICIOUS": 0,
        "SANE": 0,
        "VALID": 0,
        "total": 100.01432199127969
    }
}