{
    "counter": {
        "ACTIVE": 17678,
        "INACTIVE": 11206,
        "INVALID": 64,
        "MALICIOUS": 0,
        "SANE": 0,
        "VALID": 0,
        "total": 28948
    },
    "percentage": {
        "ACTIVE": 61.06812215006218,
        "INACTIVE": 38.710791764543316,
        "INVALID": 0.22108608539450048,
        "MALICIOUS": 0.0,
        "SANE": 0.0,
        "VALID": 0.0,
        "total": 100.0
    }
}