{
    "counter": {
        "ACTIVE": 9287,
        "INACTIVE": 8885,
        "INVALID": 1,
        "MALICIOUS": 0,
        "SANE": 0,
        "VALID": 0,
        "total": 18173
    },
    "percentage": {
        "ACTIVE": 51.10890980133179,
        "INACTIVE": 48.8912122379354,
        "INVALID": 0.03736920777279522,
        "MALICIOUS": 0,
        "SANE": 0,
        "VALID": 0,
        "total": 100.03749124703998
    }
}