{
    "counter": {
        "ACTIVE": 17646,
        "INACTIVE": 11203,
        "INVALID": 64,
        "MALICIOUS": 0,
        "SANE": 0,
        "VALID": 0,
        "total": 28913
    },
    "percentage": {
        "ACTIVE": 61.03136997198492,
        "INACTIVE": 38.7472763116937,
        "INVALID": 0.22135371632137793,
        "MALICIOUS": 0.0,
        "SANE": 0.0,
        "VALID": 0.0,
        "total": 100.0
    }
}