{
    "counter": {
        "ACTIVE": 17202,
        "INACTIVE": 11169,
        "INVALID": 57,
        "MALICIOUS": 0,
        "SANE": 0,
        "VALID": 0,
        "total": 28428
    },
    "percentage": {
        "ACTIVE": 60.510764035457996,
        "INACTIVE": 39.28872942169692,
        "INVALID": 0.20050654284508232,
        "MALICIOUS": 0.0,
        "SANE": 0.0,
        "VALID": 0.0,
        "total": 99.99999999999999
    }
}