{
    "counter": {
        "ACTIVE": 13959,
        "INACTIVE": 9854,
        "INVALID": 37,
        "MALICIOUS": 0,
        "SANE": 0,
        "VALID": 0,
        "total": 23850
    },
    "percentage": {
        "ACTIVE": 58.530756006541154,
        "INACTIVE": 41.316561844863735,
        "INVALID": 0.15843110387942108,
        "MALICIOUS": 0,
        "SANE": 0,
        "VALID": 0,
        "total": 100.0057489552843
    }
}