{
    "counter": {
        "ACTIVE": 17300,
        "INACTIVE": 11179,
        "INVALID": 57,
        "MALICIOUS": 0,
        "SANE": 0,
        "VALID": 0,
        "total": 28536
    },
    "percentage": {
        "ACTIVE": 60.625175217269415,
        "INACTIVE": 39.17507709559854,
        "INVALID": 0.19974768713204374,
        "MALICIOUS": 0.0,
        "SANE": 0.0,
        "VALID": 0.0,
        "total": 100.0
    }
}