{
    "counter": {
        "ACTIVE": 17461,
        "INACTIVE": 11190,
        "INVALID": 57,
        "MALICIOUS": 0,
        "SANE": 0,
        "VALID": 0,
        "total": 28708
    },
    "percentage": {
        "ACTIVE": 60.82276717291347,
        "INACTIVE": 38.97868190051553,
        "INVALID": 0.19855092657099066,
        "MALICIOUS": 0.0,
        "SANE": 0.0,
        "VALID": 0.0,
        "total": 100.0
    }
}