{
    "counter": {
        "ACTIVE": 16944,
        "INACTIVE": 11149,
        "INVALID": 54,
        "MALICIOUS": 0,
        "SANE": 0,
        "VALID": 0,
        "total": 28147
    },
    "percentage": {
        "ACTIVE": 60.198244928411555,
        "INACTIVE": 39.60990514086759,
        "INVALID": 0.19184993072085835,
        "MALICIOUS": 0.0,
        "SANE": 0.0,
        "VALID": 0.0,
        "total": 100.00000000000001
    }
}