{
    "counter": {
        "ACTIVE": 15030,
        "INACTIVE": 10339,
        "INVALID": 50,
        "MALICIOUS": 0,
        "SANE": 0,
        "VALID": 0,
        "total": 25419
    },
    "percentage": {
        "ACTIVE": 59.12899799362681,
        "INACTIVE": 40.67909977966635,
        "INVALID": 0.2008838891120932,
        "MALICIOUS": 0,
        "SANE": 0,
        "VALID": 0,
        "total": 100.00898166240525
    }
}