{
    "counter": {
        "ACTIVE": 8995,
        "INACTIVE": 8644,
        "INVALID": 1,
        "MALICIOUS": 0,
        "SANE": 0,
        "VALID": 0,
        "total": 17640
    },
    "percentage": {
        "ACTIVE": 50.992063492063494,
        "INACTIVE": 49.0050456375078,
        "INVALID": 0.03736920777279522,
        "MALICIOUS": 0,
        "SANE": 0,
        "VALID": 0,
        "total": 100.0344783373441
    }
}