{
    "counter": {
        "ACTIVE": 13111,
        "INACTIVE": 9755,
        "INVALID": 35,
        "MALICIOUS": 0,
        "SANE": 0,
        "VALID": 0,
        "total": 22901
    },
    "percentage": {
        "ACTIVE": 57.2532751091703,
        "INACTIVE": 42.5963931706039,
        "INVALID": 0.17228648781688408,
        "MALICIOUS": 0,
        "SANE": 0,
        "VALID": 0,
        "total": 100.0219547675911
    }
}