{
    "counter": {
        "ACTIVE": 16664,
        "INACTIVE": 11116,
        "INVALID": 52,
        "MALICIOUS": 0,
        "SANE": 0,
        "VALID": 0,
        "total": 27832
    },
    "percentage": {
        "ACTIVE": 59.87352687553895,
        "INACTIVE": 39.9554293519284,
        "INVALID": 0.20178502134264648,
        "MALICIOUS": 0,
        "SANE": 0,
        "VALID": 0,
        "total": 100.03074124881
    }
}