{
    "counter": {
        "ACTIVE": 16633,
        "INACTIVE": 11114,
        "INVALID": 52,
        "MALICIOUS": 0,
        "SANE": 0,
        "VALID": 0,
        "total": 27799
    },
    "percentage": {
        "ACTIVE": 59.835239945319806,
        "INACTIVE": 39.979855390481674,
        "INVALID": 0.20178502134264648,
        "MALICIOUS": 0,
        "SANE": 0,
        "VALID": 0,
        "total": 100.01688035714413
    }
}