{
    "counter": {
        "ACTIVE": 8843,
        "INACTIVE": 8541,
        "INVALID": 1,
        "MALICIOUS": 0,
        "SANE": 0,
        "VALID": 0,
        "total": 17385
    },
    "percentage": {
        "ACTIVE": 50.86568881219442,
        "INACTIVE": 49.13703831549879,
        "INVALID": 0.03736920777279522,
        "MALICIOUS": 0,
        "SANE": 0,
        "VALID": 0,
        "total": 100.04009633546602
    }
}