{
    "counter": {
        "ACTIVE": 13951,
        "INACTIVE": 9850,
        "INVALID": 37,
        "MALICIOUS": 0,
        "SANE": 0,
        "VALID": 0,
        "total": 23838
    },
    "percentage": {
        "ACTIVE": 58.52420505075929,
        "INACTIVE": 41.33098355152736,
        "INVALID": 0.15843110387942108,
        "MALICIOUS": 0,
        "SANE": 0,
        "VALID": 0,
        "total": 100.01361970616608
    }
}