{
    "counter": {
        "ACTIVE": 13973,
        "INACTIVE": 9856,
        "INVALID": 37,
        "MALICIOUS": 0,
        "SANE": 0,
        "VALID": 0,
        "total": 23866
    },
    "percentage": {
        "ACTIVE": 58.547724796782035,
        "INACTIVE": 41.3110906194987,
        "INVALID": 0.15843110387942108,
        "MALICIOUS": 0,
        "SANE": 0,
        "VALID": 0,
        "total": 100.01724652016016
    }
}