{
    "counter": {
        "ACTIVE": 16282,
        "INACTIVE": 11084,
        "INVALID": 52,
        "MALICIOUS": 0,
        "SANE": 0,
        "VALID": 0,
        "total": 27418
    },
    "percentage": {
        "ACTIVE": 59.38434605004012,
        "INACTIVE": 40.42747200641937,
        "INVALID": 0.20178502134264648,
        "MALICIOUS": 0,
        "SANE": 0,
        "VALID": 0,
        "total": 100.01360307780213
    }
}