{
    "counter": {
        "ACTIVE": 8954,
        "INACTIVE": 8618,
        "INVALID": 1,
        "MALICIOUS": 0,
        "SANE": 0,
        "VALID": 0,
        "total": 17573
    },
    "percentage": {
        "ACTIVE": 50.95606646938311,
        "INACTIVE": 49.041142662038354,
        "INVALID": 0.03736920777279522,
        "MALICIOUS": 0,
        "SANE": 0,
        "VALID": 0,
        "total": 100.03457833919427
    }
}