{
    "counter": {
        "ACTIVE": 6047,
        "INACTIVE": 5856,
        "INVALID": 1,
        "MALICIOUS": 0,
        "SANE": 0,
        "VALID": 0,
        "total": 11904
    },
    "percentage": {
        "ACTIVE": 50.798051075268816,
        "INACTIVE": 49.19768125682601,
        "INVALID": 0.03736920777279522,
        "MALICIOUS": 0,
        "SANE": 0,
        "VALID": 0,
        "total": 100.03310153986763
    }
}