{
    "counter": {
        "ACTIVE": 16686,
        "INACTIVE": 11120,
        "INVALID": 52,
        "MALICIOUS": 0,
        "SANE": 0,
        "VALID": 0,
        "total": 27858
    },
    "percentage": {
        "ACTIVE": 59.8966185655826,
        "INACTIVE": 39.91815342642783,
        "INVALID": 0.20178502134264648,
        "MALICIOUS": 0,
        "SANE": 0,
        "VALID": 0,
        "total": 100.01655701335308
    }
}