{
    "counter": {
        "ACTIVE": 5223,
        "INACTIVE": 5237,
        "INVALID": 1,
        "MALICIOUS": 0,
        "SANE": 0,
        "VALID": 0,
        "total": 10461
    },
    "percentage": {
        "ACTIVE": 49.92830513335245,
        "INACTIVE": 50.095657164721636,
        "INVALID": 0.03736920777279522,
        "MALICIOUS": 0,
        "SANE": 0,
        "VALID": 0,
        "total": 100.06133150584688
    }
}