{
    "counter": {
        "ACTIVE": 8358,
        "INACTIVE": 7792,
        "INVALID": 1,
        "MALICIOUS": 0,
        "SANE": 0,
        "VALID": 0,
        "total": 16151
    },
    "percentage": {
        "ACTIVE": 52.46704331450094,
        "INACTIVE": 48.244690731224075,
        "INVALID": 0.03736920777279522,
        "MALICIOUS": 0,
        "SANE": 0,
        "VALID": 0,
        "total": 100.74910325349782
    }
}