{
    "counter": {
        "ACTIVE": 8358,
        "INACTIVE": 7877,
        "INVALID": 1,
        "MALICIOUS": 0,
        "SANE": 0,
        "VALID": 0,
        "total": 16236
    },
    "percentage": {
        "ACTIVE": 52.46704331450094,
        "INACTIVE": 48.51564424735157,
        "INVALID": 0.03736920777279522,
        "MALICIOUS": 0,
        "SANE": 0,
        "VALID": 0,
        "total": 101.02005676962531
    }
}