{
    "counter": {
        "ACTIVE": 8358,
        "INACTIVE": 7997,
        "INVALID": 1,
        "MALICIOUS": 0,
        "SANE": 0,
        "VALID": 0,
        "total": 16356
    },
    "percentage": {
        "ACTIVE": 52.46704331450094,
        "INACTIVE": 48.89337246270482,
        "INVALID": 0.03736920777279522,
        "MALICIOUS": 0,
        "SANE": 0,
        "VALID": 0,
        "total": 101.39778498497856
    }
}