{
    "counter": {
        "ACTIVE": 17343,
        "INACTIVE": 11181,
        "INVALID": 57,
        "MALICIOUS": 0,
        "SANE": 0,
        "VALID": 0,
        "total": 28581
    },
    "percentage": {
        "ACTIVE": 60.68017214233232,
        "INACTIVE": 39.12039466778629,
        "INVALID": 0.19943318988138972,
        "MALICIOUS": 0.0,
        "SANE": 0.0,
        "VALID": 0.0,
        "total": 100.0
    }
}