{
    "counter": {
        "ACTIVE": 17504,
        "INACTIVE": 11193,
        "INVALID": 58,
        "MALICIOUS": 0,
        "SANE": 0,
        "VALID": 0,
        "total": 28755
    },
    "percentage": {
        "ACTIVE": 60.87289167101374,
        "INACTIVE": 38.925404277516954,
        "INVALID": 0.2017040514693097,
        "MALICIOUS": 0.0,
        "SANE": 0.0,
        "VALID": 0.0,
        "total": 100.0
    }
}