{
    "counter": {
        "ACTIVE": 890,
        "INACTIVE": 917,
        "INVALID": 0,
        "MALICIOUS": 0,
        "SANE": 0,
        "VALID": 0,
        "total": 1807
    },
    "percentage": {
        "ACTIVE": 49.25290536801328,
        "INACTIVE": 50.775193798449614,
        "INVALID": 0,
        "MALICIOUS": 0,
        "SANE": 0,
        "VALID": 0,
        "total": 100.0280991664629
    }
}