{
    "counter": {
        "ACTIVE": 16770,
        "INACTIVE": 11132,
        "INVALID": 53,
        "MALICIOUS": 0,
        "SANE": 0,
        "VALID": 0,
        "total": 27955
    },
    "percentage": {
        "ACTIVE": 59.99141446662374,
        "INACTIVE": 39.82114111965659,
        "INVALID": 0.18985528012609257,
        "MALICIOUS": 0,
        "SANE": 0,
        "VALID": 0,
        "total": 100.00241086640642
    }
}