{
    "counter": {
        "ACTIVE": 17203,
        "INACTIVE": 11169,
        "INVALID": 57,
        "MALICIOUS": 0,
        "SANE": 0,
        "VALID": 0,
        "total": 28429
    },
    "percentage": {
        "ACTIVE": 60.51215308311935,
        "INACTIVE": 39.28734742692321,
        "INVALID": 0.20049948995743783,
        "MALICIOUS": 0.0,
        "SANE": 0.0,
        "VALID": 0.0,
        "total": 100.0
    }
}