{
    "counter": {
        "ACTIVE": 8358,
        "INACTIVE": 7607,
        "INVALID": 1,
        "MALICIOUS": 0,
        "SANE": 0,
        "VALID": 0,
        "total": 15966
    },
    "percentage": {
        "ACTIVE": 52.46704331450094,
        "INACTIVE": 47.64499561568333,
        "INVALID": 0.03736920777279522,
        "MALICIOUS": 0,
        "SANE": 0,
        "VALID": 0,
        "total": 100.14940813795707
    }
}