{
    "counter": {
        "ACTIVE": 8667,
        "INACTIVE": 8409,
        "INVALID": 1,
        "MALICIOUS": 0,
        "SANE": 0,
        "VALID": 0,
        "total": 17077
    },
    "percentage": {
        "ACTIVE": 50.75247408795456,
        "INACTIVE": 49.244553759662686,
        "INVALID": 0.03736920777279522,
        "MALICIOUS": 0,
        "SANE": 0,
        "VALID": 0,
        "total": 100.03439705539004
    }
}