{
    "counter": {
        "ACTIVE": 17120,
        "INACTIVE": 11164,
        "INVALID": 57,
        "MALICIOUS": 0,
        "SANE": 0,
        "VALID": 0,
        "total": 28341
    },
    "percentage": {
        "ACTIVE": 60.40718393846371,
        "INACTIVE": 39.39169401220846,
        "INVALID": 0.20112204932782893,
        "MALICIOUS": 0.0,
        "SANE": 0.0,
        "VALID": 0.0,
        "total": 100.0
    }
}