{
    "counter": {
        "ACTIVE": 8911,
        "INACTIVE": 8595,
        "INVALID": 1,
        "MALICIOUS": 0,
        "SANE": 0,
        "VALID": 0,
        "total": 17507
    },
    "percentage": {
        "ACTIVE": 50.89964014394242,
        "INACTIVE": 49.10025706940874,
        "INVALID": 0.03736920777279522,
        "MALICIOUS": 0,
        "SANE": 0,
        "VALID": 0,
        "total": 100.03726642112396
    }
}