{
    "counter": {
        "ACTIVE": 8358,
        "INACTIVE": 7573,
        "INVALID": 1,
        "MALICIOUS": 0,
        "SANE": 0,
        "VALID": 0,
        "total": 15932
    },
    "percentage": {
        "ACTIVE": 52.46704331450094,
        "INACTIVE": 47.533266382124026,
        "INVALID": 0.03736920777279522,
        "MALICIOUS": 0,
        "SANE": 0,
        "VALID": 0,
        "total": 100.03767890439777
    }
}