{
    "counter": {
        "ACTIVE": 7001,
        "INACTIVE": 6665,
        "INVALID": 1,
        "MALICIOUS": 0,
        "SANE": 0,
        "VALID": 0,
        "total": 13667
    },
    "percentage": {
        "ACTIVE": 51.22932825991512,
        "INACTIVE": 48.767103241384355,
        "INVALID": 0.03736920777279522,
        "MALICIOUS": 0,
        "SANE": 0,
        "VALID": 0,
        "total": 100.03380070907227
    }
}