{
    "counter": {
        "ACTIVE": 9305,
        "INACTIVE": 8894,
        "INVALID": 1,
        "MALICIOUS": 0,
        "SANE": 0,
        "VALID": 0,
        "total": 18200
    },
    "percentage": {
        "ACTIVE": 51.12637362637363,
        "INACTIVE": 48.87618838270045,
        "INVALID": 0.03736920777279522,
        "MALICIOUS": 0,
        "SANE": 0,
        "VALID": 0,
        "total": 100.03993121684687
    }
}