{
    "counter": {
        "ACTIVE": 9576,
        "INACTIVE": 9056,
        "INVALID": 2,
        "MALICIOUS": 0,
        "SANE": 0,
        "VALID": 0,
        "total": 18634
    },
    "percentage": {
        "ACTIVE": 51.39269038802125,
        "INACTIVE": 48.59933454974777,
        "INVALID": 0.010800302408467436,
        "MALICIOUS": 0,
        "SANE": 0,
        "VALID": 0,
        "total": 100.0028252401775
    }
}