{
    "counter": {
        "ACTIVE": 17000,
        "INACTIVE": 11157,
        "INVALID": 56,
        "MALICIOUS": 0,
        "SANE": 0,
        "VALID": 0,
        "total": 28213
    },
    "percentage": {
        "ACTIVE": 60.25591039591678,
        "INACTIVE": 39.54559954630844,
        "INVALID": 0.19849005777478468,
        "MALICIOUS": 0.0,
        "SANE": 0.0,
        "VALID": 0.0,
        "total": 100.0
    }
}