{
    "counter": {
        "ACTIVE": 8798,
        "INACTIVE": 8515,
        "INVALID": 1,
        "MALICIOUS": 0,
        "SANE": 0,
        "VALID": 0,
        "total": 17314
    },
    "percentage": {
        "ACTIVE": 50.817304915381506,
        "INACTIVE": 49.17985445304378,
        "INVALID": 0.03736920777279522,
        "MALICIOUS": 0,
        "SANE": 0,
        "VALID": 0,
        "total": 100.03452857619808
    }
}