{
    "counter": {
        "ACTIVE": 7300,
        "INACTIVE": 6859,
        "INVALID": 1,
        "MALICIOUS": 0,
        "SANE": 0,
        "VALID": 0,
        "total": 14160
    },
    "percentage": {
        "ACTIVE": 51.55367231638418,
        "INACTIVE": 48.46664782362917,
        "INVALID": 0.03736920777279522,
        "MALICIOUS": 0,
        "SANE": 0,
        "VALID": 0,
        "total": 100.05768934778615
    }
}