{
    "counter": {
        "ACTIVE": 13883,
        "INACTIVE": 9842,
        "INVALID": 37,
        "MALICIOUS": 0,
        "SANE": 0,
        "VALID": 0,
        "total": 23762
    },
    "percentage": {
        "ACTIVE": 58.425216732598265,
        "INACTIVE": 41.42604596346494,
        "INVALID": 0.15843110387942108,
        "MALICIOUS": 0,
        "SANE": 0,
        "VALID": 0,
        "total": 100.00969379994262
    }
}