{
    "counter": {
        "ACTIVE": 17302,
        "INACTIVE": 11179,
        "INVALID": 57,
        "MALICIOUS": 0,
        "SANE": 0,
        "VALID": 0,
        "total": 28538
    },
    "percentage": {
        "ACTIVE": 60.62793468357979,
        "INACTIVE": 39.17233162800476,
        "INVALID": 0.19973368841544606,
        "MALICIOUS": 0.0,
        "SANE": 0.0,
        "VALID": 0.0,
        "total": 100.0
    }
}