{
    "counter": {
        "ACTIVE": 16308,
        "INACTIVE": 11091,
        "INVALID": 52,
        "MALICIOUS": 0,
        "SANE": 0,
        "VALID": 0,
        "total": 27451
    },
    "percentage": {
        "ACTIVE": 59.40767185166296,
        "INACTIVE": 40.41026014719814,
        "INVALID": 0.20178502134264648,
        "MALICIOUS": 0,
        "SANE": 0,
        "VALID": 0,
        "total": 100.01971702020374
    }
}