{
    "counter": {
        "ACTIVE": 15475,
        "INACTIVE": 10458,
        "INVALID": 52,
        "MALICIOUS": 0,
        "SANE": 0,
        "VALID": 0,
        "total": 25985
    },
    "percentage": {
        "ACTIVE": 59.553588608812774,
        "INACTIVE": 40.2493938344302,
        "INVALID": 0.20178502134264648,
        "MALICIOUS": 0,
        "SANE": 0,
        "VALID": 0,
        "total": 100.00476746458561
    }
}