{
    "counter": {
        "ACTIVE": 16303,
        "INACTIVE": 11089,
        "INVALID": 52,
        "MALICIOUS": 0,
        "SANE": 0,
        "VALID": 0,
        "total": 27444
    },
    "percentage": {
        "ACTIVE": 59.40460574260312,
        "INACTIVE": 40.40738986262435,
        "INVALID": 0.20178502134264648,
        "MALICIOUS": 0,
        "SANE": 0,
        "VALID": 0,
        "total": 100.01378062657011
    }
}