{
    "counter": {
        "ACTIVE": 16321,
        "INACTIVE": 11091,
        "INVALID": 52,
        "MALICIOUS": 0,
        "SANE": 0,
        "VALID": 0,
        "total": 27464
    },
    "percentage": {
        "ACTIVE": 59.42688610544713,
        "INACTIVE": 40.41026014719814,
        "INVALID": 0.20178502134264648,
        "MALICIOUS": 0,
        "SANE": 0,
        "VALID": 0,
        "total": 100.03893127398791
    }
}