{
    "counter": {
        "ACTIVE": 17394,
        "INACTIVE": 11189,
        "INVALID": 57,
        "MALICIOUS": 0,
        "SANE": 0,
        "VALID": 0,
        "total": 28640
    },
    "percentage": {
        "ACTIVE": 60.73324022346369,
        "INACTIVE": 39.0677374301676,
        "INVALID": 0.19902234636871508,
        "MALICIOUS": 0.0,
        "SANE": 0.0,
        "VALID": 0.0,
        "total": 100.00000000000001
    }
}