{
    "counter": {
        "ACTIVE": 7804,
        "INACTIVE": 7158,
        "INVALID": 1,
        "MALICIOUS": 0,
        "SANE": 0,
        "VALID": 0,
        "total": 14963
    },
    "percentage": {
        "ACTIVE": 52.15880229915787,
        "INACTIVE": 47.83800040098911,
        "INVALID": 0.03736920777279522,
        "MALICIOUS": 0,
        "SANE": 0,
        "VALID": 0,
        "total": 100.03417190791978
    }
}