{
    "counter": {
        "ACTIVE": 9008,
        "INACTIVE": 8649,
        "INVALID": 1,
        "MALICIOUS": 0,
        "SANE": 0,
        "VALID": 0,
        "total": 17658
    },
    "percentage": {
        "ACTIVE": 51.01948346171273,
        "INACTIVE": 48.98063200815494,
        "INVALID": 0.03736920777279522,
        "MALICIOUS": 0,
        "SANE": 0,
        "VALID": 0,
        "total": 100.03748467764046
    }
}