{
    "counter": {
        "ACTIVE": 9017,
        "INACTIVE": 8650,
        "INVALID": 1,
        "MALICIOUS": 0,
        "SANE": 0,
        "VALID": 0,
        "total": 17668
    },
    "percentage": {
        "ACTIVE": 51.03577088521621,
        "INACTIVE": 48.97242823982336,
        "INVALID": 0.03736920777279522,
        "MALICIOUS": 0,
        "SANE": 0,
        "VALID": 0,
        "total": 100.04556833281237
    }
}