{
    "counter": {
        "ACTIVE": 16364,
        "INACTIVE": 11098,
        "INVALID": 52,
        "MALICIOUS": 0,
        "SANE": 0,
        "VALID": 0,
        "total": 27514
    },
    "percentage": {
        "ACTIVE": 59.47517627389693,
        "INACTIVE": 40.36517058267258,
        "INVALID": 0.20178502134264648,
        "MALICIOUS": 0,
        "SANE": 0,
        "VALID": 0,
        "total": 100.04213187791215
    }
}