{
    "counter": {
        "ACTIVE": 3159,
        "INACTIVE": 3110,
        "INVALID": 1,
        "MALICIOUS": 0,
        "SANE": 0,
        "VALID": 0,
        "total": 6270
    },
    "percentage": {
        "ACTIVE": 50.38277511961722,
        "INACTIVE": 49.617102744097004,
        "INVALID": 0.03736920777279522,
        "MALICIOUS": 0,
        "SANE": 0,
        "VALID": 0,
        "total": 100.03724707148703
    }
}