{
    "counter": {
        "ACTIVE": 14029,
        "INACTIVE": 9865,
        "INVALID": 37,
        "MALICIOUS": 0,
        "SANE": 0,
        "VALID": 0,
        "total": 23931
    },
    "percentage": {
        "ACTIVE": 58.62270694914546,
        "INACTIVE": 41.243363016848534,
        "INVALID": 0.15843110387942108,
        "MALICIOUS": 0,
        "SANE": 0,
        "VALID": 0,
        "total": 100.02450106987342
    }
}